product_name,new_price,old_price,discount_ratio,shipping,rating_point,rating_number,seller_name,seller_point,price_class
Ayakkabix Spor Ayakkabı Erkek & Bayan & Çocuk Günlük,99.0,199.0,50,freeShipping,0,0,ayakkabix,98,1
Muggo MGPARKER Unisex Sneaker Günlük Yürüyüş Spor Ayakkabı,75.0,139.0,46,noShipping,0,0,deparshoes,100,1
Kinetix RUBY Beyaz Kadın Spor Ayakkabı,72.0,129.0,45,freeShipping,0,0,FLO,94,1
Muggo MGFORCE01 Unisex Hafif Günlük Spor Yürüyüş Ayakkabısı,66.0,99.0,34,noShipping,0,0,deparshoes,100,1
Erkek Kadın Spor Ayakkabı Günlük 4 Renk,89.0,299.0,70,freeShipping,0,0,Ayakkabıhobim,100,1
Ayakkabı Yağmurluğu DRY STEP,89.0,0.0,0,freeShipping,0,0,Petza,100,1
Nike Basketbol Topu Baller 8p 32.855.07,99.0,199.0,50,freeShipping,0,0,T-Sport,79,1
Free Marka 6040 Günlük Rahat Erkek Spor Ayakkabı,99.0,149.0,34,freeShipping,0,0,AKKUŞOĞLUAYAKKABI,98,1
Keten Bilekli Erkek Kadın Spor Ayakkabı 6 Renk,84.0,119.0,29,freeShipping,0,0,Ayakkabıhobim,100,1
İlgipark  Kadın Günlük Hafif Cırtlı Siyah Yürüyüş Spor Ayakkabı,89.0,159.0,44,freeShipping,0,0,ilgipark,100,1
Khayt Classic Memory System Günlük Erkek&Kadın Spor Ayakkabı,84.0,169.0,50,freeShipping,0,0,Oncaürün,98,1
Kinetix FLETCHER J 1FX Lacivert Erkek Çocuk Koşu Ayakkabısı,69.0,129.0,46,freeShipping,0,0,INSTREET,95,1
Modastar Unisex Siyah Keten Günlük Bilekli Spor Ayakkabı,65.0,122.0,46,noShipping,0,0,modastar,100,1
SANTA BARBARA POLO CLUB CONVERSE AYAKKABI BEYAZ-SİYAH-KREM-MAVİ,89.0,139.0,36,freeShipping,0,0,kubilayshoes,85,1
SANTA BARBARA POLO CLUB CONVERSE AYAKKABI BEYAZ-SİYAH-KREM-MAVİ,89.0,149.0,40,freeShipping,0,0,kubilayshoes,85,1
Kinetix ARINA M Lacivert Erkek Sneaker Ayakkabı,90.0,129.0,30,freeShipping,0,0,INSTREET,95,1
Kinetix SAGEL M 1FX Siyah Erkek Sneaker Ayakkabı,78.0,119.0,34,freeShipping,0,0,INSTREET,95,1
Muya 50615 Erkek Spor Ayakkabı Kışlık Günlük Ayakkabı,99.0,249.0,60,freeShipping,0,0,ModaFrato,100,1
Hercule Erkek Spor Ayakkabı Günlük Sneaker Rahat Giyim,99.0,194.0,49,freeShipping,0,0,HerculeShoes,100,1
LETOON 204HS ERKEK HALI SAHA - Lacivert,63.0,149.0,57,noShipping,0,0,Letoon,88,1
Khayt Aqua Air Cooled Bağsız Triko Rahat Erkek Günlük Spor Ayakka,84.0,199.0,58,noShipping,0,0,Oncaürün,98,1
Hercule Erkek Spor Ayakkabı Günlük Sneaker Rahat Giyim,89.0,169.0,47,freeShipping,0,0,HerculeShoes,100,1
Muggo MGPOGBA Unisex Sneaker Günlük Yürüyüş Spor Ayakkabı,66.0,119.0,45,noShipping,0,0,deparshoes,100,1
Hercule Beyaz Erkek Spor Ayakkabı Günlük Sneaker Rahat Giyim,94.0,189.0,50,freeShipping,0,0,HerculeShoes,100,1
Kinetix VOTEN Lacivert Turuncu Erkek Yürüyüş Ayakkabısı,80.0,109.0,27,freeShipping,0,0,FLO,94,1
Kinetix TYSON 1FX Gri Erkek Koşu Ayakkabısı,84.0,119.0,29,freeShipping,0,0,INSTREET,95,1
Kadın Casual Günlük Air Spor Ayakkabı,57.0,109.0,47,freeShipping,0,0,OdesaAyakkabı,87,1
Arriva Sprint Erkek Kadın Günlük Ayakkabı 36-44,79.0,129.0,38,freeShipping,0,0,tarzayak,83,1
Kinetix TASCO MESH M 1FX Gri Erkek Sneaker Ayakkabı,89.0,129.0,31,freeShipping,0,0,INSTREET,95,1
Kinetix ADMES M Lacivert Erkek Sneaker Ayakkabı,85.0,119.0,29,freeShipping,0,0,INSTREET,95,1
İlgipark Kadın Günlük Hafif Cırtlı Laci Yürüyüş Spor Ayakkabı,89.0,159.0,44,freeShipping,0,0,ilgipark,100,1
Ayakkabix Spor Ayakkabı Erkek & Bayan & Çocuk Günlük Rahat H,99.0,199.0,50,freeShipping,0,0,ayakkabix,98,1
Kinetix VOTEN Lacivert TURUNCU Erkek Yürüyüş Ayakkabısı,80.0,109.0,27,freeShipping,0,0,INSTREET,95,1
Kinetix TYSON W 1FX Lacivert Kadın Koşu Ayakkabısı,78.0,129.0,40,freeShipping,0,0,INSTREET,95,1
Slazenger AREA NEW I Günlük Giyim Kadın Ayakkabı Siyah,99.0,214.0,54,freeShipping,0,0,Slazenger,95,1
LETOON 2103 UNİSEX SPOR AYAKKABI,99.0,224.0,56,freeShipping,0,0,Letoon,88,1
Kadın Erkek Spor Ayakkabı Baskılı,99.0,199.0,50,freeShipping,0,0,Ayakkabıhobim,100,1
İmerShoes Siyah Erkek Sneaker Günlük Spor Ayakkabı Bayan Çocuk,89.0,167.0,46,freeShipping,0,0,imer-tech,100,1
Kinetix BARNES W 1FX Siyah Kadın Sneaker Ayakkabı,70.0,109.0,36,freeShipping,0,0,INSTREET,95,1
Erkek Günlük Air Nubuk Spor Ayakkabı,74.0,139.0,46,freeShipping,0,0,OdesaAyakkabı,87,1
Hercule Outdoor Erkek Sneaker Spor Ayakkabı Rahat Giyim,99.0,219.0,55,freeShipping,0,0,HerculeShoes,100,1
Kadın Spor Ayakkabı 1029-101-0002,39.0,59.0,33,noShipping,0,0,GOBLONDON,90,1
Kadın Erkek Keten Convers Modeli Spor Ayakkabı,69.0,269.0,74,freeShipping,0,0,MechButik,97,1
Dero Axis Erkek Spor Ayakkabı Unisex Sneaker DR061,69.0,200.0,65,freeShipping,0,0,dero,100,1
Erkek Kadın Keten Günlük Spor Ayakkabı 4 Renk,99.0,299.0,67,freeShipping,0,0,Ayakkabıhobim,100,1
Kinetix REEDS M 1FX Siyah Erkek Çocuk Sneaker Ayakkabı,78.0,119.0,34,freeShipping,0,0,INSTREET,95,1
Wanderfull 4106 Erkek Günlük Spor Ayakkabı Yeni Sezon Bağsız,99.0,179.0,44,freeShipping,0,0,MYPARLAK,91,1
Hado DPN502 Erkek Spor Ayakkabı Günlük Sneakers,79.0,109.0,27,freeShipping,0,0,HadoShop,100,1
İmerShoes Fileli Günlük Spor Ayakkabı Erkek Bayan Çocuk Sneakers,79.0,146.0,46,freeShipping,0,0,imer-tech,100,1
Kinetix THEHA 1FX Siyah Erkek Sneaker,84.0,129.0,35,freeShipping,0,0,INSTREET,95,1
Kinetix TOOLS 1FX Siyah Kız Çocuk Fashion Sneaker,72.0,119.0,39,freeShipping,0,0,INSTREET,95,1
Kadın Günlük Air Spor Ayakkabı 3 Renk,99.0,199.0,50,freeShipping,0,0,Ayakkabıhobim,100,1
Coronix Kadın Spor Ayakkabı Yeni Sezon Yürüyüş Ayakkabısı,49.0,89.0,44,freeShipping,0,0,MYPARLAK,91,1
Callion 3939 Ortopedi Kışlık Çocuk Spor Ayakkabı (26-35),95.0,150.0,37,freeShipping,0,0,ayakkabiburada,100,1
Kinetix GIAN KNIT W Siyah Kadın Sneaker Ayakkabı,62.0,119.0,48,freeShipping,0,0,INSTREET,95,1
JUMP 24936 Beyaz Kız Çocuk Spor Ayakkabı,86.0,169.0,49,freeShipping,0,0,ARMESPORT,100,1
Slazenger ALONE I Yürüyüş Erkek Ayakkabı Haki,99.0,184.0,46,freeShipping,0,0,Slazenger,95,1
İmershoes Erkek Günlük Step Sandalet Düz Taban Cırtlı Spor Yazlık,79.0,199.0,60,freeShipping,0,0,imer-tech,100,1
Efolle Cırtlı Kız / Erkek Çocuk Spor Ayakkabı,59.0,99.0,40,freeShipping,0,0,OdesaAyakkabı,87,1
JAC LİON YENİ SEZON HAFİF ERKEK SPOR AYAKKABI BAĞSIZ SPOR AYAKKAB,99.0,119.0,17,freeShipping,0,0,forzaspor,96,1
Lumberjack WILEY TEXT 1FX Lacivert Erkek Çocuk Koşu Ayakkabısı,83.0,139.0,40,freeShipping,0,0,INSTREET,95,1
Atlanta Erkek Günlük Spor Ayakkabı Yüksek Taban Yeni Sezon,59.0,109.0,46,freeShipping,0,0,MYPARLAK,91,1
Muggo SVT03 ortopedik & Terletmez Kadın Sneaker,47.0,99.0,53,noShipping,0,0,deparshoes,100,1
Erkek & Bayan Unisex Spor Ayakkabı,89.0,129.0,31,freeShipping,0,0,Ayakkabıhobim,100,1
Kinetix CORNEL TF 1FX Gri Erkek Halı Saha Ayakkabısı,84.0,129.0,35,freeShipping,0,0,INSTREET,95,1
Föz Siyah Günlük Cilt Erkek Çocuk Spor Ayakkabı 093,71.0,139.0,49,freeShipping,0,0,Ozpa,100,1
SANTA BARBARA POLO CLUB CONVERSE AYAKKABI GRİ-BEYAZ-SİYAH-KREM,89.0,149.0,40,freeShipping,0,0,kubilayshoes,85,1
GLACİER GÜNLÜK SPOR AYAKKABI ERKEK,60.0,0.0,0,freeShipping,0,0,ElectroMarket19,100,1
U.S. Polo Assn. KATYA Beyaz Kadın Sneaker,86.0,199.0,57,freeShipping,0,0,INSTREET,95,1
Lumberjack TIANA 1FX Siyah Kız Çocuk Koşu Ayakkabısı,92.0,169.0,46,freeShipping,0,0,INSTREET,95,1
Ayakcenter 5100 Gri-Fuşya Günlük Kadın Sneaker Spor Ayakkabı,94.0,149.0,37,freeShipping,0,0,Ayakcenter,100,1
Kinetix FORLAN TURF Siyah Erkek Çocuk Halı Saha Ayakkabısı,53.0,89.0,40,freeShipping,0,0,INSTREET,95,1
Modafrato WN-4056 Unisex Spor Ayakkabı Koşu Yürüyüş Ayakkabısı,89.0,199.0,55,freeShipping,0,0,ModaFrato,100,1
TOMMS Kadın Bağcıklı Sneaker Spor Ayakkabı Isabella-34,59.0,289.0,79,freeShipping,0,0,tomms_shoes,100,1
Muggo MGOSLO04 Hakiki Deri Erkek Sneaker Ayakkabı,75.0,199.0,62,noShipping,0,0,deparshoes,100,1
M.p 182-1236 Rahat Yeni Sezon (40-45) Günlük Spor Ayakkabı,99.0,149.0,34,freeShipping,0,0,AKKUŞOĞLUAYAKKABI,98,1
Ayakland Nprs 75 Air Günlük Bayan Spor Ayakkabı,71.0,0.0,0,freeShipping,0,0,Ayakland,100,1
Günlük Erkek Spor Ayakkabı Siyah Kırmızı Mavi Kahve Beyaz Gri,79.0,137.0,42,freeShipping,0,0,imer-tech,100,1
Hercule Beyaz Lacivert Erkek Spor Ayakkabı Günlük Sneaker,94.0,189.0,50,freeShipping,0,0,HerculeShoes,100,1
Lumberjack TIANA 1FX Beyaz Kız Çocuk Koşu Ayakkabısı,92.0,169.0,46,freeShipping,0,0,INSTREET,95,1
Mehmet Mete 0060 T Best Of Erkek Spor Ayakkabı,99.0,159.0,38,freeShipping,0,0,AKKUŞOĞLUAYAKKABI,98,1
Letao Ortapedik Bayan Günlük Spor Ayakkabı,89.0,149.0,40,freeShipping,0,0,tarzayak,83,1
Letao Outdoor Erkek Kadın Günlük Spor Ayakkabı,89.0,149.0,40,freeShipping,0,0,tarzayak,83,1
Wanderfull 4092 Erkek Günlük Spor & Yürüyüş Ayakkabısı Sonbahar K,99.0,219.0,55,freeShipping,0,0,MYPARLAK,91,1
Modalist M030 Erkek Spor Ayakkabı SİYAH-KIRMIZI,74.0,229.0,67,freeShipping,0,0,Modalist,97,1
Modalist FM-7070 Erkek Sneaker LACİVERT,95.0,449.0,79,freeShipping,0,0,Modalist,97,1
LETOON GHX01 ERKEK HALI SAHA - Beyaz,63.0,149.0,57,noShipping,0,0,Letoon,88,1
DİĞER ÇEPİÇ 1001 KAR BOTU ÇPÇ-1001,99.0,229.0,57,freeShipping,0,0,EYMSPOR,96,1
Modalist M029 Erkek Spor Ayakkabı SİYAH-BEYAZ,74.0,229.0,67,freeShipping,0,0,Modalist,97,1
Hercule Erkek Spor Ayakkabı Günlük Sneaker Yeni Sezon Hafif Giyim,89.0,184.0,51,freeShipping,0,0,HerculeShoes,100,1
KİNETİX BURUMA BAĞCIKLI ERKEK ÇOCUK SPOR AYAKKABI LACİVERT-KIRMIZ,79.0,99.0,20,freeShipping,0,0,fbkayakkabi,98,1
Stroll 649 Lacivert Anatomik (40-45) Günlük Erkek Spor Ayakkabı,99.0,149.0,34,freeShipping,0,0,AKKUŞOĞLUAYAKKABI,98,1
Muggo SVT18 Unisex Fileli Günlük Spor Yürüyüş Sneaker Ayakkabı,56.0,86.0,34,noShipping,0,0,deparshoes,100,1
Gezer 10826 Kadın Terlik Jel Topuk Dikeni Terliği,49.0,69.0,29,freeShipping,0,0,eylülsporoutlet,88,1
Yüksek Taban Siyah  Beyaz Pembe Kadın Sabo Terlik Hemşire Hastane,69.0,109.0,36,freeShipping,0,0,imer-tech,100,1
Çorap Mest %100 Hakiki Deri Balakix (Balerin Ayakkabısı-Pisi pisi,61.0,0.0,0,freeShipping,0,0,KOCAMANLAR-AYAKKABI,97,1
Slazenger ENJOY Spor Çocuk Ayakkabı Siyah,79.0,189.0,58,noShipping,0,0,Slazenger,95,1
JUMP 25384 ERKEK HALI-SAHA FUTBOL AYAKKABISI,96.0,109.0,12,freeShipping,0,0,TEKTAŞAYAKKABIVESPOR,100,1
Hummel HML DOMINO Siyah Erkek Terlik,97.0,129.0,25,freeShipping,0,0,INSTREET,95,1
Ayakland Nprs 75 Air Günlük Bayan Spor Ayakkabı Siyah-Beyaz,59.0,0.0,0,freeShipping,0,0,AykaButik,95,1
Kinetix DORA W 1FX Beyaz Kadın Koşu Ayakkabısı,78.0,129.0,40,freeShipping,0,0,INSTREET,95,1
M.P. Çocuk Filet Halı Saha Ayakkabı 211-1812FT,97.0,0.0,0,freeShipping,0,0,CİHANGİR,88,1
Dero Axis Erkek Spor Ayakkabı Unisex Sneaker DR056,89.0,200.0,55,freeShipping,0,0,dero,100,1
Lumberjack LIPONIS 1FX Lacivert Erkek Comfort Ayakkabı,97.0,199.0,52,freeShipping,0,0,INSTREET,95,1
Kinetix RAIN 1FX Beyaz Erkek Çocuk Sneaker Ayakkabı,61.0,99.0,38,freeShipping,0,0,INSTREET,95,1
Kinetix HELIUM J 1FX Beyaz Erkek Çocuk Koşu Ayakkabısı,74.0,129.0,42,freeShipping,0,0,INSTREET,95,1
Wanderfull 4095 Erkek Günlük Spor Ayakkabı Triko Malzeme,89.0,149.0,40,freeShipping,0,0,MYPARLAK,91,1
MUYA 85280-3153 JR HALISAHA,59.0,84.0,31,noShipping,0,0,samaspor,83,1
Gezer 3102 Erkek Panduf Ev Botu Ev Ayakkabısı,49.0,79.0,37,freeShipping,0,0,eylülsporoutlet,88,1
Kinetix SPLIT 1FX Beyaz Erkek Spor Ayakkabı,92.0,149.0,39,freeShipping,0,0,INSTREET,95,1
Kinetix Agron J Turf 9pr Turuncu Erkek Çocuk Halı Saha Ayakkabısı,89.0,0.0,0,noShipping,0,0,cankortel80,85,1
PRETY W Siyah Kadın Sneaker Ayakkabı,72.0,109.0,34,freeShipping,0,0,INSTREET,95,1
Jump 20355 Erkek Halısaha Futbol Ayakkabı (36-44),99.0,135.0,27,freeShipping,0,0,ayakkabiburada,100,1
Kinetix SERGY M 1FX Beyaz Erkek Çocuk Sneaker Ayakkabı,92.0,139.0,34,freeShipping,0,0,INSTREET,95,1
MP 191-7371 Gümüş Krampon Halısaha Erkek Futbol Spor Ayakkabı,74.0,129.0,42,freeShipping,0,0,Ayakcenter,100,1
Pembe Potin Aır Taban Kadın-Erkek Sneaker A I R777,72.0,0.0,0,freeShipping,0,0,pembepotinshoes,93,1
Santra Erkek Çocuk Günlük Halı Saha Krampon Spor Ayk. 26-35,69.0,109.0,36,freeShipping,0,0,MTONLINE,100,1
Slazenger ORBAN Erkek Terlik Siyah / Kırmızı,29.0,59.0,50,noShipping,0,0,Slazenger,95,1
Aymood Bağcıklı Sneaker Rahat Ayakkabı,69.0,299.0,77,freeShipping,0,0,Aymood,100,1
MP Soccer Haki Halısaha Ayakkabı,99.0,109.0,9,noShipping,0,0,BULİNAYAKKABI,99,1
Kinetix SEPTUM MESH W Beyaz Kadın Sneaker Ayakkabı,96.0,129.0,25,freeShipping,0,0,INSTREET,95,1
Kadın Siyah Sneaker Suni Deri Spor Ayakkabı,69.0,159.0,56,freeShipping,0,0,sonexayakkabı,100,1
Kinetix ADMES M Beyaz Erkek Sneaker Ayakkabı,90.0,119.0,24,freeShipping,0,0,INSTREET,95,1
Wanderfull 4031 Erkek Günlük Spor & Yürüyüş Ayakkabısı Sonbahar K,99.0,199.0,50,freeShipping,0,0,MYPARLAK,91,1
California Nike Krampon Uyumlu PLASTİK Krampon Vidası 12'li,80.0,0.0,0,freeShipping,0,0,SpordaMarka,83,1
Glesto 101 Kadın Spor Ayakkabı,98.0,0.0,0,noShipping,0,0,İskarpin,92,1
Ceox Crocs Eva Sabo Doktor ve Hemşire Terliği,87.0,0.0,0,freeShipping,0,0,KOCAMANLAR-AYAKKABI,97,1
Erkek Sneaker Triko Spor Ayakkabı,79.0,108.0,27,freeShipping,0,0,OdesaAyakkabı,87,1
Kinetix KARL MESH M 1FX Lacivert Erkek Sneaker Ayakkabı,84.0,119.0,29,freeShipping,0,0,INSTREET,95,1
Kinetix REEDS M Siyah Erkek Çocuk Sneaker Ayakkabı,78.0,119.0,34,freeShipping,0,0,INSTREET,95,1
Jump 18097-C Kırmızı Futsal Voleybol Unisex Salon Spor Ayakkabı,95.0,0.0,0,freeShipping,0,0,Ayakland,100,1
Ayakland Nprs 75 Süet Air Bayan Spor Ayakkabı Siyah,95.0,0.0,0,freeShipping,0,0,Ayakland,100,1
M.P FUNNY ORTOPEDİK TABAN SPOR AYAKKABI,89.0,149.0,40,freeShipping,0,0,Metingiyimayakkabı,98,1
Depos Sörloth Erkek Günlük Spor Ayakkabı,89.0,154.0,42,freeShipping,0,0,deposs,63,1
Modalist Sneaker Erkek Ayakkabı SİYAH,79.0,209.0,62,freeShipping,0,0,Modalist,97,1
Twingo 270-6 siyah kırmızı krampon ayakkabı,85.0,109.0,22,freeShipping,0,0,AyakkabıByRecep,82,1
SONIMIX EVA MASAJLI TERLİK,34.0,0.0,0,freeShipping,0,0,eratsport,78,1
JUMP 25851 ERKEK HALI SAHA AYAKKABISI,98.0,104.0,6,freeShipping,0,0,TEKTAŞAYAKKABIVESPOR,100,1
Parley Step Kadın Günlük Spor Ayakkabı Fırsat Ürünü Yürüyüş,59.0,109.0,46,freeShipping,0,0,MYPARLAK,91,1
Flet Bayan Spor Ayakkabı Günlük Rahat Esnek Hafif Ortopedik,84.0,120.0,30,freeShipping,0,0,HİRATEDARİKHİZM.,95,1
Kinetix AGRON Turf Halı Saha (36-45) Erkek Spor Ayakkabı,99.0,139.0,29,freeShipping,0,0,AKKUŞOĞLUAYAKKABI,98,1
Marco Jamper 1714 Yeni Sezon (40-45) Günlük Erkek Spor Ayakkabı,99.0,149.0,34,freeShipping,0,0,AKKUŞOĞLUAYAKKABI,98,1
TOMMS Kadın Bağcık Lastik Detaylı Sneaker Spor Ayakkabı LONA-55,59.0,289.0,79,freeShipping,0,0,tomms_shoes,100,1
Kinetix RENDOR Haki Erkek Koşu Ayakkabısı,84.0,139.0,39,freeShipping,0,0,FLO,94,1
Jazz Club Erkek Spor Ayakkabı Günlük Yürüyüş Ayakkabısı Yeni,69.0,119.0,42,freeShipping,0,0,MYPARLAK,91,1
Ayakland Nprs 75 Air Günlük Bayan Spor Ayakkabı Siyah,59.0,104.0,43,freeShipping,0,0,Potincim,95,1
U.S. Polo Assn. Gusty 1Fx 101018674 Erkek Terlik,79.0,199.0,60,noShipping,0,0,ORALET,96,1
Kinetix CORNEL TF 1FX Gri Erkek Halı Saha Ayakkabısı,91.0,129.0,30,freeShipping,0,0,FLO,94,1
Kinetix YANNI Saks Turuncu Erkek Çocuk Koşu Ayakkabısı,78.0,89.0,12,freeShipping,0,0,FLO,94,1
Ayakland Nprs 75 Süet Air Bayan Spor Ayakkabı,95.0,0.0,0,freeShipping,0,0,Ayakland,100,1
Modafrato WND4067 Unisex Spor Ayakkabı Erkek Kadın Sneakers,89.0,199.0,55,freeShipping,0,0,ModaFrato,100,1
Slazenger LENS Erkek Terlik Haki Kamuflaj,89.0,119.0,25,freeShipping,0,0,Slazenger,95,1
Marsoni California Nike Uyumlu  Plastik Krampon Vidası 12'li,79.0,122.0,35,freeShipping,0,0,MARSONİ,100,1
Marco Dessa Erkek Günlük Spor & Yürüyüş Ayakkabısı Yeni Sezon Haf,89.0,179.0,50,freeShipping,0,0,MYPARLAK,91,1
Kinetix VELAR 1FX Haki Erkek Slip On Ayakkabı,82.0,139.0,41,freeShipping,0,0,INSTREET,95,1
Modalist M030 Erkek Spor Ayakkabı YESİL-BEYAZ,74.0,229.0,67,freeShipping,0,0,Modalist,97,1
Kinetix STROL M Haki Erkek Sneaker Ayakkabı,96.0,159.0,39,freeShipping,0,0,INSTREET,95,1
Kinetix RENDOR Siyah Erkek Koşu Ayakkabısı,85.0,139.0,39,freeShipping,0,0,FLO,94,1
Callion 3636 Ortopedi Taban Bağcıksız Çocuk Spor Ayakkabı,89.0,125.0,29,freeShipping,0,0,ayakkabiburada,100,1
POLO CLUP CİLD DERİ SONBAHAR CONVERS UNISEX SPOR AYAKKABI,99.0,199.0,50,noShipping,0,0,MeteTekstilÜrünleri,92,1
Föz Cln 0738 Siyah Günlük File Kız Çocuk Spor Ayakkabı,89.0,169.0,47,freeShipping,0,0,Ozpa,100,1
Crosberg Erkek Günlük Yürüyüş Ayakkabısı Sonbahar Kış Spor Ayakka,99.0,319.0,69,freeShipping,0,0,MYPARLAK,91,1
SANTRA  CİLT ERKEK HALI SAHA AYAKKABI,84.0,99.0,15,noShipping,0,0,rapossiayakkabı,97,1
Modafrato POLO308 Unisex Spor Ayakkabı Erkek Kadın Sneaker,99.0,199.0,50,freeShipping,0,0,ModaFrato,100,1
Lacivert Çocuk Halı Saha Kramponu,89.0,0.0,0,noShipping,0,0,ayakkabiyolla,91,1
XstepX Erkek Bayan Günlük Spor Ayakkabı 36-47 6 Renk,99.0,149.0,34,freeShipping,0,0,tarzayak,83,1
Slazenger ENJOY Spor Çocuk Ayakkabı Siyah Kamuflaj,79.0,189.0,58,noShipping,0,0,Slazenger,95,1
Wanderfull 4130 Erkek Günlük Spor Yürüyüş Ayakkabısı Sonbahar Kış,99.0,199.0,50,freeShipping,0,0,MYPARLAK,91,1
Hercule Wanderfull Erkek Spor Ayakkabı Günlük Sneaker Rahat Giyim,94.0,184.0,49,freeShipping,0,0,HerculeShoes,100,1
Modalist Santra 108 Çocuk Halı Saha Ayakkabı SİYAH-TURUNCU,89.0,189.0,53,freeShipping,0,0,Modalist,97,1
Wanderfull 4050 Triko Erkek Spor Ayakkabı Yeni Sezon Yürüyüş Ayak,59.0,139.0,57,freeShipping,0,0,MYPARLAK,91,1
KİNETİX KEYA ERKEK SPOR AYAKKABI BORDO 40-45,89.0,169.0,48,freeShipping,0,0,fbkayakkabi,98,1
Slazenger ELA Sneaker Çocuk Ayakkabı Lacivert Kamuflaj,89.0,134.0,33,freeShipping,0,0,Slazenger,95,1
Muggo MGPALERMO02 Erkek Sneaker Ayakkabı,71.0,188.0,62,noShipping,0,0,deparshoes,100,1
Gripy WLKD233 Erkek Halısaha Ayakkabı Futbol Top Ayakkabısı,89.0,119.0,25,freeShipping,0,0,HadoShop,100,1
Kinetix TALON W 1FX Siyah Kadın Koşu Ayakkabısı,94.0,129.0,28,freeShipping,0,0,INSTREET,95,1
Slazenger EDMOND Sneaker Çocuk Ayakkabı Lacivert Kamuflaj,94.0,134.0,30,freeShipping,0,0,Slazenger,95,1
Marco Luper 4051 Kadın Spor & Yürüyüş Ayakkabısı Yeni Sezon Ortop,74.0,134.0,44,freeShipping,0,0,MYPARLAK,91,1
MASTENS Salon Ayakkabısı (Voleybol-Masa Tenisi-Badminton-Hentbol),95.0,140.0,32,freeShipping,0,0,masatenisiraketi,100,1
Ayakkabix Spor Ayakkabı Erkek & Bayan & Çocuk Günlük,99.0,199.0,50,freeShipping,0,0,ayakkabix,98,1
Kinetix MOTER W Nar Çiçeği Kadın Comfort Ayakkabı,67.0,119.0,44,freeShipping,0,0,FLO,94,1
Uzun Keten Spor Ayakkabı,29.0,99.0,70,freeShipping,0,0,OdesaAyakkabı,87,1
Ayakcenter 5100 Syh-Syh Günlük Kadın Sneaker Spor Ayakkabı,94.0,149.0,37,freeShipping,0,0,Ayakcenter,100,1
Polaris 617170.F1PR Siyah Kız Çocuk Sneaker Ayakkabı,86.0,119.0,28,freeShipping,0,0,INSTREET,95,1
A-16 Cimnastik Ayakkabısı,99.0,0.0,0,freeShipping,0,0,rhytmine,98,1
Kinetix BALERA Siyah Kadın Fitness Ayakkabısı,78.0,129.0,40,freeShipping,0,0,FLO,94,1
Kinetix TRIANGLE 1FX Lacivert Erkek Çocuk Koşu Ayakkabısı,83.0,109.0,24,freeShipping,0,0,INSTREET,95,1
Kappa 643-002-660 Spor Ayakkabı,99.0,120.0,18,freeShipping,0,0,BETASPOR,58,1
Slazenger SEAD Sneaker Kadın Ayakkabı Pembe,99.0,119.0,17,freeShipping,0,0,Slazenger,95,1
Bjk KALEN  1PR Siyah Erkek Çocuk Sneaker,96.0,129.0,25,freeShipping,0,0,FLO,94,1
LOTTO S7370 SET ACE XI CL SL ÇOCUK AYAKKABISI,89.0,129.0,31,noShipping,0,0,adıgüzelspor,69,1
Kinetix MARCO AG 1FX Gri Erkek Çocuk Krampon,87.0,129.0,33,freeShipping,0,0,FLO,94,1
Topuklu Tüylü Gelin Çeyiz Terliği G502,74.0,129.0,42,freeShipping,0,0,ByCmlExclusive,99,1
Wanderfull 4117 Erkek Günlük Spor Yürüyüş Ayakkabısı Yeni Sezon O,89.0,169.0,47,freeShipping,0,0,MYPARLAK,91,1
Wanderfull 4065 Erkek Günlük Spor Yürüyüş Ayakkabısı Yeni Sezon O,89.0,169.0,47,freeShipping,0,0,MYPARLAK,91,1
Jump 18105 Kadın Spor Ayakkabısı,82.0,138.0,40,freeShipping,0,0,Depomoda,94,1
Mp Erkek Halısaha Ayakkabı 202-1510,99.0,119.0,17,freeShipping,0,0,basaranspor,88,1
MP 192-7746 Haki Krampon Çim Erkek Futbol Spor Ayakkabı,94.0,149.0,37,freeShipping,0,0,Ayakcenter,100,1
Lisanslı Markalar Kız Çocuk Fashion Taban Somon Spor Ayakkabı,89.0,139.0,36,freeShipping,0,0,lisanslıürünler,93,1
Kinetix Cordelıa Pu 9PR Rahat (36-40) Bayan Günlük Spor Ayakkabı,99.0,129.0,24,freeShipping,0,0,AKKUŞOĞLUAYAKKABI,98,1
Kinetix SPURSY 9PR Lacivert Erkek Çocuk Koşu Ayakkabısı,97.0,139.0,30,freeShipping,0,0,FLO,94,1
Erkek Kadın Deniz Ayakkabısı Kaymaz Taban Havuz Plaj Rafting,79.0,119.0,33,freeShipping,0,0,imer-tech,100,1
Fiyonklu Seffaf Kadın Terliği BP-T-02,49.0,119.0,59,freeShipping,0,0,özkayaayakkabı,100,1
KINETIX-FUTBOL,99.0,129.0,23,freeShipping,0,0,PROAKTİFSPORT,79,1
Slazenger OVVA Spor Çocuk Ayakkabı Haki,89.0,179.0,50,freeShipping,0,0,Slazenger,95,1
Modalist Unisex Sneaker Ayakkabı SİYAH-BEYAZ,69.0,189.0,63,freeShipping,0,0,Modalist,97,1
Slazenger EVRIM Spor Çocuk Ayakkabı Fuşya,99.0,179.0,44,freeShipping,0,0,Slazenger,95,1
Daye Kız Çocuk Günlük Spor Ayakkabı Sneaker,89.0,109.0,18,freeShipping,0,0,DayeStore,100,1
Rova Blue Aqua Günlük Yürüyüş Bayan Spor Ayakkabı Pudra 014,69.0,129.0,46,freeShipping,0,0,Rovablue,100,1
Kinetix THEHA 1FX Lacivert Erkek Sneaker,84.0,129.0,35,freeShipping,0,0,INSTREET,95,1
Föz 0571 Siyah Günlük Triko Unisex Çocuk Spor Ayakkabı,89.0,149.0,40,freeShipping,0,0,Ozpa,100,1
Kinetix VOTEN W Siyah Kadın Comfort Ayakkabı,72.0,159.0,54,freeShipping,0,0,INSTREET,95,1
Hado RCN071 Erkek Ayakkabı Günlük Spor Ayakkabı Casual,44.0,99.0,55,noShipping,0,0,HadoShop,100,1
Kinetix WILSON 1FX Lacivert Erkek Kalın Tabanlı Sneaker,97.0,129.0,25,freeShipping,0,0,INSTREET,95,1
EVA MAT SEKSEK 1034 ( 15 parça ),70.0,0.0,0,noShipping,0,0,sarunyapimarket,100,1
Muya 89202-Lacivert Pebe Kız Çocuk Cırtlı Spor Ayakkabı Yeni Ürün,94.0,109.0,14,freeShipping,0,0,ayakkabıdiyarı,100,1
Free Marka 6040 Lacivert Anatomik (36-44) Günlük Erkek Spor Ayakk,99.0,149.0,34,freeShipping,0,0,AKKUŞOĞLUAYAKKABI,98,1
Lescon L-6205 Mürdüm Çocuk Airtube Spor Ayakkabı,99.0,149.0,33,noShipping,0,0,adıgüzelspor,69,1
Kinetix ROLLS MESH W Beyaz Kadın Sneaker,96.0,129.0,25,freeShipping,0,0,INSTREET,95,1
TOMMS Kadın Bağcık Lastik Detaylı Sneaker Spor Ayakkabı,59.0,249.0,76,freeShipping,0,0,tomms_shoes,100,1
Ayakland Nprs 75 Air Günlük Bayan Spor Ayakkabı Siyah - Beyaz,59.0,104.0,43,freeShipping,0,0,Potincim,95,1
PARMAK ARASI TERLİK DENİZ HAVUZ PLAJ VE ISLAK ZEMİN TERLİĞİ,9.0,15.0,38,noShipping,0,0,pamirpazar,93,1
M.p Erkek Çocuk Krampon 211-1805FT,90.0,0.0,0,freeShipping,0,0,CİHANGİR,88,1
Kinetix RUBY Beyaz Kadın Spor Ayakkabı,72.0,129.0,45,freeShipping,0,0,INSTREET,95,1
Woggo Wow 55 Air Günlük Bağcıklı Kadın Spor Ayakkabı,83.0,129.0,35,freeShipping,0,0,Ayakland,100,1
Kadın Spor Ayakkabı 1029-101-0011,72.0,108.0,33,noShipping,0,0,GOBLONDON,90,1
Marco Jamper 1803 Yeni Sezon (40-45) Günlük Erkek Spor Ayakkabı,99.0,129.0,24,freeShipping,0,0,AKKUŞOĞLUAYAKKABI,98,1
Modalist Santra 108 Çocuk Halı Saha Ayakkabı SİYAH-LACİVERT,89.0,189.0,53,freeShipping,0,0,Modalist,97,1
Cool Erkek Çocuk (28-37) Siyah-Beyaz Halı Saha Futbol Ayakkabı,89.0,119.0,25,freeShipping,0,0,PAPUÇCİTY,92,1
Kinetix STROOL 1FX Beyaz Kız Çocuk Yürüyüş Ayakkabısı,72.0,109.0,34,freeShipping,0,0,INSTREET,95,1
Jump Krampon Garson-Siyah 13256,109.0,120.0,9,freeShipping,0,0,CİHANGİR,88,1
MP Siyah Beyaz Halı Saha Futbol Ayakkabısı,99.0,0.0,0,noShipping,0,0,BULİNAYAKKABI,99,1
Modalist Unisex Sneaker Ayakkabı SİYAH-SÜET,69.0,189.0,63,freeShipping,0,0,Modalist,97,1
Papuçcity Alessio Kız Çocuk Günlük Spor Ayakkabı,89.0,119.0,25,freeShipping,0,0,PAPUÇCİTY,92,1
Akınalbella Cros Model Eva Malzeme Sabo Terlik Sandalet Hastane,79.0,119.0,34,freeShipping,0,0,hamzeticaret,89,1
Kadın Exclusive Casual Sneaker Spor Ayakkabı,94.0,184.0,49,freeShipping,0,0,OdesaAyakkabı,87,1
Tonix Siyah Cilt Platin Simli Spor Ayakkabı,89.0,153.0,41,freeShipping,0,0,kalitemall,100,1
Wanderfull 4074 Su ve Soğuka Dayanıklı Kadın Trekking Bot Sonbaha,99.0,199.0,50,freeShipping,0,0,MYPARLAK,91,1
Kinetix TALI MESH W Gri Kadın Sneaker Ayakkabı,78.0,129.0,40,freeShipping,0,0,INSTREET,95,1
Adidas SIL 3STR CP 1PC - 802310,29.0,55.0,47,noShipping,0,0,Spormarkt,99,1
Kinetix OKA J MESH Beyaz Kız Çocuk Koşu Ayakkabısı,65.0,89.0,27,freeShipping,0,0,FLO,94,1
Walked 401 KG Çim Saha Krampon Erkek Futbol Spor Ayakkabı,99.0,0.0,0,freeShipping,0,0,AykaButik,95,1
Jump 27092 Erkek Çocuk Halı Saha Kramponu,99.0,0.0,0,freeShipping,0,0,JUMP,99,1
HERCULE Erkek Siyah Günlük Spor Ayakkabı Yeni Sezon,94.0,184.0,49,freeShipping,0,0,HerculeShoes,100,1
Polaris 517279.P1PR Haki Erkek Çocuk Sneaker,65.0,84.0,23,freeShipping,0,0,INSTREET,95,1
Kinetix Dennı Unisex Çocuk Sneaker Ayakkabı,49.0,69.0,29,freeShipping,0,0,SancarAyakkabı,84,1
JUMP  20364 ORJINAL ERKEK KRAMPON AYAKKABISI,98.0,99.0,1,freeShipping,0,0,TEKTAŞAYAKKABIVESPOR,100,1
BLACK SEA BAYAN SPOR AYAKKABI GRİ,90.0,0.0,0,freeShipping,0,0,Nar35,75,1
sneakersups günlük spor ayakkabı 962 erkek,99.0,134.0,26,freeShipping,0,0,modastore,100,1
Kaymaz Taban Ev Içi Balkon Banyo Bahçe Havuz Plaj Erkek Terliği,41.0,59.0,30,freeShipping,0,0,BABBAAYAKKABI,100,1
Polaris 517215.P1PR Haki Erkek Çocuk Sneaker,66.0,94.0,29,freeShipping,0,0,FLO,94,1
Kinetix VOTEN W Siyah Koyu Gri Kadın Yürüyüş Ayakkabısı,72.0,119.0,39,freeShipping,0,0,FLO,94,1
Wanderfull 4101 Erkek Spor 6 Yürüyüş Ayakkabısı Triko Ortopedik,89.0,149.0,40,freeShipping,0,0,MYPARLAK,91,1
Arriva Günlük Erkek Spor Ayakkabı 2 Renk,79.0,149.0,46,freeShipping,0,0,tarzayak,83,1
Wanderfull 4123 Erkek Yürüyüş Ayakkabısı  Ayakkabı Sonbahar Kış G,99.0,199.0,50,freeShipping,0,0,MYPARLAK,91,1
Slazenger Ela Çocuk Spor Ayakkabı Mor SA11LF018-660,99.0,124.0,20,noShipping,0,0,CANMERSPOR,100,1
Wanderfull 4112 Erkek Yürüyüş Ayakkabısı Ortopedik Taban Spor,89.0,149.0,40,freeShipping,0,0,MYPARLAK,91,1
MP 191-7371 Sarı Krampon Halısaha Erkek Futbol Spor Ayakkabı,74.0,129.0,42,freeShipping,0,0,Ayakcenter,100,1
Wanderfull 4033 Erkek Günlük Spor Yürüyüş Ayakkabısı Yeni Sezon S,99.0,199.0,50,freeShipping,0,0,MYPARLAK,91,1
MP 191-7372FT Lacivert Halısaha Erkek Çocuk Futbol Spor Ayakkabı,74.0,99.0,25,freeShipping,0,0,Ayakcenter,100,1
Kadın Spor Babet Anatomik Ultra Hafif UDR001,84.0,129.0,35,noShipping,0,0,ayakkabivakti,99,1
Modalist M029 Erkek Spor Ayakkabı KAHVERENGİ,74.0,229.0,67,freeShipping,0,0,Modalist,97,1
Dunlop 111114K Siyah Krampon Halısaha Erkek Futbol Ayakkabı,89.0,149.0,40,freeShipping,0,0,Ayakcenter,100,1
Kinetix 100494031 Çocuk Günlük Spor Ayakkabı,83.0,171.0,51,freeShipping,0,0,ÖZKALYONSPOR,97,1
GIAN TX W Siyah Kadın Sneaker Ayakkabı,71.0,109.0,35,freeShipping,0,0,INSTREET,95,1
LESCON LESCON L-4710 ÇOCUK SPOR AYAKKABI L-4710,99.0,189.0,47,freeShipping,0,0,EYMSPOR,96,1
İlgipark Kadın Günlük Rahat Bağcıklı Siyah Cilt Spor Ayakkabı,99.0,149.0,33,freeShipping,0,0,ilgipark,100,1
Dunlop 111114K Siyah Krampon Çim Erkek Futbol Ayakkabı,89.0,149.0,40,freeShipping,0,0,Ayakcenter,100,1
Marco Jamper 1752 Yeni Sezon (40-45) Günlük Erkek Spor Ayakkabı,89.0,129.0,31,freeShipping,0,0,AKKUŞOĞLUAYAKKABI,98,1
Arriva Erkek Günlük Rahat Likralı Aqua Ayakkabı,99.0,149.0,33,freeShipping,0,0,tarzayak,83,1
BEWİTCH HALISAHA AYAKKABISI GEZER ÜRETİM PVC KAPLI KOKU YAPMAZ,69.0,89.0,22,freeShipping,0,0,TilunMG,89,1
Lotto Quaranta Iv Cl S Pu Çocuk Günlük Spor Ayakkabı,54.0,89.0,39,noShipping,0,0,adıgüzelspor,69,1
Peugeot Partner Tepee Krom Sürgü Nikelajı 2 Parça 2008 Üzeri,54.0,0.0,0,freeShipping,0,0,BaskentOto,100,1
KADIN GÜNLÜK SPOR AYAKKABI,60.0,0.0,0,freeShipping,0,0,ElectroMarket19,100,1
Lagoos 02 Erkek Halı Saha Ayakkabısı,69.0,0.0,0,freeShipping,0,0,favorimayakkabi,99,1
Slazenger SOFT Kadın Terlik Kahve,42.0,79.0,47,noShipping,0,0,Slazenger,95,1
Polaris Beyaz/Lacivert Kadın Sneaker Ayakkabı,51.0,0.0,0,freeShipping,0,0,PrizmaNet,88,1
BEWİTCH HALISAHA AYAKKABISI GEZER ÜRETİM PVC KAPLI KOKU YAPMAZ,69.0,89.0,22,freeShipping,0,0,TilunMG,89,1
Reis Kadın Aqua Spor Yürüyüş Ayakkabısı,87.0,97.0,10,freeShipping,0,0,reisgiyim,97,1
Slazenger STEP Erkek Terlik Lacivert,49.0,94.0,47,noShipping,0,0,Slazenger,95,1
Ayakkabix Role Erkek Spor Ayakkabı Erkek&Bayan&Çocuk,119.0,249.0,52,freeShipping,0,0,ayakkabix,98,2
Erkek Kadın Bilekli Jordan Spor Ayakkabı,119.0,299.0,60,freeShipping,0,0,Ayakkabıhobim,100,2
Ayakkabix Dragon Porsh Günlük Erkek Spor Ayakkabı,179.0,299.0,40,freeShipping,0,0,ayakkabix,98,2
JUMP 13256 KRAMPON FUTBOL AYAKKABISI,113.0,114.0,1,freeShipping,0,0,TEKTAŞAYAKKABIVESPOR,100,2
"WALKED ERKEK HALISAHA ,FUTBOL  SPOR AYAKKABI",109.0,159.0,31,noShipping,0,0,modastar,100,2
X-Step Erkek Günlük Outdoor Kışlık Spor Ayakkabı 40-47,179.0,239.0,25,freeShipping,0,0,Taşpınar,100,2
Ayakkabiburada 4094 Ortopedi Taban Günlük Erkek Spor Ayakkabı,149.0,199.0,25,freeShipping,0,0,ayakkabiburada,100,2
Lion 1453  Siyah Sax Çoraplı  Krampon Futbol Ayakkabısı,129.0,169.0,24,noShipping,0,0,modastar,100,2
Ayakkabix 10704 Kışlık Mevsimlik Erkek Spor Ayakkabı,139.0,299.0,53,freeShipping,0,0,ayakkabix,98,2
Yeni Sezon Günlük Siyah Erkek Spor Ayakkabı,159.0,349.0,54,freeShipping,0,0,eserakis,96,2
FORZA Suya Dayanıklı Kaymaz Kışlık Outdoor Erkek Ayakkabı 2152,149.0,219.0,32,freeShipping,0,0,EdizSpor,100,2
Wanderfull 3007 Su & Soğuka Dayanıklı Erkek Trekking Bot,169.0,299.0,43,freeShipping,0,0,MYPARLAK,91,2
Ayakkabix Gustela Günlük Kışlık Erkek Spor Ayakkabı,139.0,299.0,54,freeShipping,0,0,ayakkabix,98,2
Modafrato WN-4031X Erkek Spor Ayakkabı Koşu Yürüyüş Ayakkabısı,109.0,249.0,56,freeShipping,0,0,ModaFrato,100,2
Lion 1453 Erkek Sarı Siyah  Çoraplı  Krampon Futbol Ayakkabısı,124.0,199.0,38,noShipping,0,0,modastar,100,2
JUMP 13258 HALI SAHA ERKEK FUTBOL AYAKKABI,113.0,114.0,1,freeShipping,0,0,TEKTAŞAYAKKABIVESPOR,100,2
Ayakkabix Role Erkek Spor Ayakkabı Erkek&Bayan&Çocuk,119.0,249.0,52,freeShipping,0,0,ayakkabix,98,2
Slazenger KRONOS I Sneaker Erkek Ayakkabı Siyah,149.0,219.0,32,freeShipping,0,0,Slazenger,95,2
Slazenger ZAFIRA Sneaker Erkek Ayakkabı Siyah / Siyah,169.0,299.0,44,freeShipping,0,0,Slazenger,95,2
SadiasSpyder Unisex Cırtlı Günlük Yürüyüş Rahat Spor Ayakkabı,110.0,169.0,35,freeShipping,0,0,MERRAA,100,2
Perfect Steps Günlük Spor - Zayıflatıcı Siyah Yürüyüş Ayakkabısı,109.0,129.0,16,freeShipping,0,0,indirimlerharika,96,2
LİON 1453 ERKEK HALISAHA ÇORAPLI FUTBOL AYAKKABISI,124.0,199.0,38,noShipping,0,0,modastar,100,2
Güreş Ayakkabısı -Kauçuk Taban+Anorak,169.0,0.0,0,freeShipping,0,0,cyclonespor,100,2
M.p 211-1800 Halı Saha (36-44) Erkek Futbol Ayakkabı,119.0,159.0,25,freeShipping,0,0,AKKUŞOĞLUAYAKKABI,98,2
SOĞUK GEÇİRMEZ ERKEK KIŞLIK AYAKKABI BOT TREKKİNG SPOR,169.0,349.0,52,freeShipping,0,0,arasmoda,100,2
Erkek & Bayan Rahat Ortapedik Spor Ayakkabı 9 Renk,119.0,229.0,48,freeShipping,0,0,Ayakkabıhobim,100,2
Umbro UX-1 Premier HG Mor Krampon,184.0,499.0,63,freeShipping,0,0,MERKEZSPOR,96,2
Slazenger AKIN I Sneaker Erkek Ayakkabı Siyah,144.0,184.0,22,freeShipping,0,0,Slazenger,95,2
ERKEK WALKED KIRMIZI FUTBOL KRAMPON AYAKKABI,109.0,159.0,31,noShipping,0,0,modastar,100,2
Lion 1453 Erkek Turkuaz Mavi Çoraplı  Krampon Futbol Ayakkabısı,124.0,199.0,38,noShipping,0,0,modastar,100,2
Jump 25520 Hafif Rahat Erkek Spor Ayakkabı,169.0,299.0,43,freeShipping,0,0,ayakkabix,98,2
Scooter Erkek Spor Ayakkabı  - 3 Renk Seçeneği M1062,129.0,185.0,30,freeShipping,0,0,Scooter,100,2
Erkek Günlük Spor Ayakkabı Kadın - Erkek 6 Renk Brt270,139.0,299.0,53,freeShipping,0,0,Ayakkabıhobim,100,2
Ayakkabix Bağsız Spor Ayakkabı Erkek & Bayan & Çocuk Günlük,119.0,299.0,60,freeShipping,0,0,ayakkabix,98,2
Derilax Tam Ortopedik Kışlık Erkek Spor Ayakkabı,169.0,259.0,35,freeShipping,0,0,Derilax,100,2
Jump Beyaz Erkek Halı Saha Ayakkabısı 13258-B-Beyaz,114.0,0.0,0,freeShipping,0,0,KORAYSPOR,94,2
Föz Wlkd 07 Siyah Turkuaz Krampon Futbol Erkek Spor Ayakkabı,107.0,189.0,43,freeShipping,0,0,Ozpa,100,2
İmerShoes Sneaker  Kadın Spor Ayakkabı Yüksek Taban Siyah - Beyaz,149.0,219.0,32,freeShipping,0,0,imer-tech,100,2
Ayax 12432 Kalın Yüksek Taban  Siyah Bayan Spor Ayakkabı (36-40),139.0,200.0,31,freeShipping,0,0,ayakkabiburada,100,2
XStreet 430 Triko Erkek Spor Ayakkabı Günlük Sneaker,119.0,199.0,40,freeShipping,0,0,ModaFrato,100,2
Slazenger Unisex Spor Ayakkabı SA11LK079,148.0,299.0,50,freeShipping,0,0,markastok,88,2
Slazenger AKIN I Sneaker Erkek Ayakkabı Lacivert,144.0,184.0,22,freeShipping,0,0,Slazenger,95,2
Jump 24036 Erkek Spor Ayakkabı,184.0,0.0,0,freeShipping,0,0,JUMP,99,2
Forza 2097 T Anatomik (40-44) Erkek Spor Ayakkabı,109.0,149.0,27,freeShipping,0,0,AKKUŞOĞLUAYAKKABI,98,2
Kinetix NINA MESH M 1FX Siyah Erkek Sneaker Ayakkabı,106.0,109.0,3,freeShipping,0,0,INSTREET,95,2
Jump 26621 Erkek Halı Saha Kramponu,119.0,0.0,0,freeShipping,0,0,JUMP,99,2
Kinetix VOLVES 1FX Gri Erkek Koşu Ayakkabısı,168.0,179.0,6,freeShipping,0,0,INSTREET,95,2
Slazenger Unisex Spor Ayakkabı SA11LK079,148.0,299.0,50,freeShipping,0,0,markastok,88,2
Lig Futsal Salon Parkur Ayakkabısı Beyaz Monaco,186.0,239.0,22,freeShipping,0,0,Çarıkçım_Ayakkabı,100,2
Föz 233 Walked Krampon Futbol Çim Erkek Spor Ayakkabı,116.0,199.0,42,freeShipping,0,0,Ozpa,100,2
Jump 18089 Anatomik (36-44) Futsal Erkek Spor Ayakkabı,149.0,199.0,25,freeShipping,0,0,AKKUŞOĞLUAYAKKABI,98,2
Jump 26621 Anatomik Erkek Halısaha Ayakkabı 2 RENK,145.0,199.0,27,freeShipping,0,0,Viaspor,100,2
Föz Wlkd 07 Siyah Kırmızı Krampon Futbol Erkek Spor Ayakkabı,107.0,189.0,43,freeShipping,0,0,Ozpa,100,2
Freelion Yeni Sezon Çoraplı  Erkek Çocuk Krampon MG017030,125.0,0.0,0,freeShipping,0,0,mugesporgiyim,99,2
Erkek Günlük Spor Ayakkabı 5 Renk,119.0,199.0,40,freeShipping,0,0,Ayakkabıhobim,100,2
Lady W304-3 Sade Lastik Taşlı Kadın Spor Ayakkabı,104.0,199.0,48,noShipping,0,0,ayakkabivakti,99,2
Jump 26621 A Black Neon Green Erkek Halı Saha Ayakkabısı 26621-A-,119.0,0.0,0,freeShipping,0,0,KORAYSPOR,94,2
Ayakkabix Dragon Kışlık Erkek Spor Ayakkabı,139.0,299.0,54,freeShipping,0,0,ayakkabix,98,2
Muya Sabo Kaymaz Taban Terlik Siyah,155.0,0.0,0,freeShipping,0,0,LinaTekstilTasarım,100,2
Perfect Steps Günlük Spor - Zayıflatıcı  Beyaz Yürüyüş Ayakkabısı,109.0,129.0,16,freeShipping,0,0,indirimlerharika,96,2
Ayakkabix Rella Günlük Erkek & Bayan & Çocuk Spor Ayakkabı,119.0,299.0,60,freeShipping,0,0,ayakkabix,98,2
Slazenger KOBRA Yürüyüş Erkek Ayakkabı Siyah / Siyah,119.0,184.0,35,freeShipping,0,0,Slazenger,95,2
Slazenger WOOK Erkek Outdoor Bot K.Gri,129.0,299.0,57,freeShipping,0,0,Slazenger,95,2
M.P. 201-1185 Erkek Günlük Spor Ayakkabı,100.0,205.0,51,freeShipping,0,0,ÖZKALYONSPOR,97,2
GS TRIM J TURF  Siyah Erkek Çocuk Halı Saha Ayakkabısı,126.0,0.0,0,freeShipping,0,0,FLO,94,2
Slazenger PESCO I Kadın Outdoor Bot Siyah,139.0,299.0,53,freeShipping,0,0,Slazenger,95,2
Slazenger MIROR Erkek Outdoor Bot Haki,136.0,299.0,54,freeShipping,0,0,Slazenger,95,2
Jump 16308 Unisex Boğazlı Spor Ayakkabı,189.0,0.0,0,freeShipping,0,0,ALTINDAĞ,98,2
Wanderfull 4139 Erkek Yürüyüş Ayakkabısı Günlük Spor Ayakkabı Son,109.0,209.0,48,freeShipping,0,0,MYPARLAK,91,2
Bjk TRIM J TURF  Siyah Erkek Çocuk Halı Saha Ayakkabısı,126.0,0.0,0,freeShipping,0,0,FLO,94,2
Slazenger AEGLE Sneaker Erkek Ayakkabı Siyah,139.0,199.0,30,freeShipping,0,0,Slazenger,95,2
U.S. Polo Assn. BELO 1PR Siyah Erkek Sneaker Ayakkabı,186.0,229.0,19,freeShipping,0,0,INSTREET,95,2
Slazenger WOOK Erkek Outdoor Bot Kahve,129.0,299.0,57,freeShipping,0,0,Slazenger,95,2
Jump 27047 Erkek Halı Saha Kramponu,119.0,0.0,0,freeShipping,0,0,JUMP,99,2
Slazenger TUESDAY Sneaker Erkek Ayakkabı Gri,114.0,194.0,42,freeShipping,0,0,Slazenger,95,2
Ayakkabix Role Erkek Spor Ayakkabı Erkek&Bayan&Çocuk,119.0,249.0,52,freeShipping,0,0,ayakkabix,98,2
Jump 13258 Erkek Halı Saha Kramponu,114.0,0.0,0,freeShipping,0,0,JUMP,99,2
Ghattix Ponna Günlük Erkek Spor Ayakkabı,129.0,139.0,8,freeShipping,0,0,ayakkabix,98,2
Slazenger ACTIVE Sneaker Erkek Ayakkabı Gri,129.0,179.0,28,freeShipping,0,0,Slazenger,95,2
X Step Su ve Soğuka Dayanıklı Erkek Trekking Bot Sonbahar Kış Yen,119.0,273.0,56,freeShipping,0,0,MYPARLAK,91,2
Dunlop Onna Günlük Erkek/Kadın Spor Ayakkabı,169.0,299.0,43,freeShipping,0,0,ayakkabix,98,2
North Of Wild Scorpion Akıllı Taban Erkek Spor Ayakkabı,197.0,299.0,34,freeShipping,0,0,Viaspor,100,2
Vojo 4359 Bağcıksız Anorak Erkek Spor Ayakkabı 3 Renk,119.0,149.0,20,freeShipping,0,0,Viaspor,100,2
Kinetix VENTIL TX M 1FX Siyah Erkek Sneaker Ayakkabı,106.0,169.0,37,freeShipping,0,0,INSTREET,95,2
Nıke 631526 Jr Tıempo Rıo II Ic Indoor Ayakkabı,189.0,0.0,0,freeShipping,0,0,SATEXSTORE,100,2
Kinetix Bumbo Garson Bot (36-39),123.0,0.0,0,noShipping,0,0,bycukurovafrango,67,2
Ghattix Pask Kaymaz Taban Suya Dayanıklı Erkek Spor Ayakkabı,119.0,399.0,70,freeShipping,0,0,ayakkabix,98,2
Slazenger Siyah Erkek Botu Sa27Oe022-500 Davit Black,129.0,0.0,0,freeShipping,0,0,KORAYSPOR,94,2
LETOON 7005L ERKEK BOT,134.0,333.0,59,freeShipping,0,0,Letoon,88,2
U.S. Polo Assn Erkek U.S Polo Dimler Erkek Spor Ayakkabı Siyah,159.0,0.0,0,freeShipping,0,0,AVRUPAYAKASIONLİNE,93,2
Hummel 211617-2003 Marathona Heritage Kadın Günlük Spor Ayakkabı,189.0,324.0,42,freeShipping,0,0,SportOnex,95,2
ERKEK WALKED SİYAH FUTBOL KRAMPON AYAKKABI,109.0,159.0,31,noShipping,0,0,modastar,100,2
İmershoes Erkek Kadın Çocuk Spor Ayakkabı Yürüyüş Sneaker,109.0,184.0,41,freeShipping,0,0,imer-tech,100,2
Kinetix Halley Tx M 9PR (40-45) Erkek Spor Ayakkabı,189.0,249.0,24,freeShipping,0,0,AKKUŞOĞLUAYAKKABI,98,2
Jump 15307 Erkek Spor Ayakkabı,179.0,0.0,0,freeShipping,0,0,JUMP,99,2
Slazenger ENYA Aqua Erkek Ayakkabı Siyah,109.0,199.0,45,freeShipping,0,0,Slazenger,95,2
Wanderfull 4125 Erkek Günlük Spor ve Yürüyüş Ayakkabısı Sonbahar,109.0,209.0,48,freeShipping,0,0,MYPARLAK,91,2
Jump 11743-2 Erkek Spor Ayakkabı BEYAZ-LACİVERT,199.0,320.0,38,freeShipping,0,0,Modalist,97,2
Erkek Kadın Triko Spor Ayakkabı,119.0,399.0,70,freeShipping,0,0,Ayakkabıhobim,100,2
Walked 401 Krampon Halısaha Çim Erkek Futbol Spor Ayakkabı,109.0,149.0,27,freeShipping,0,0,Ayakcenter,100,2
JUMP 24571 COMFORT CASUAL ERKEK GÜNLÜK SPOR AYAKKABISI,169.0,339.0,50,freeShipping,0,0,özenayakkabıçanta,100,2
ERKEK BÜYÜK NUMARA HS1155NK HALI SAHA AYAKKABISI 45-47,114.0,0.0,0,freeShipping,0,0,mugesporgiyim,99,2
Lig Monaco 01 Indoor Beyaz,179.0,199.0,10,freeShipping,0,0,ilkerspor,99,2
M.p 191-7657 Haki Anatomik (40-44) Günlük Erkek Spor Ayakkabı,139.0,199.0,30,freeShipping,0,0,AKKUŞOĞLUAYAKKABI,98,2
Jump 134H Beyaz Halısaha Krampon Çim Saha Erkek Futbol Ayakkabı,167.0,199.0,16,freeShipping,0,0,Ayakland,100,2
Ayakkabiburada 4094 Ortopedi Taban Erkek Spor Ayakkabı,149.0,199.0,25,freeShipping,0,0,ayakkabiburada,100,2
HAKİKİ DERİ ORTOPEDİK TABAN GÜNLÜK SPOR AYAKKABI,199.0,349.0,43,noShipping,0,0,MeteTekstilÜrünleri,92,2
Scooter Kırmızı Erkek Spor Ayakkabı M1003TKI,119.0,171.0,30,freeShipping,0,0,Scooter,100,2
Lambırlent 8070 Boğazlı Air Jordan Unisex  Spor Ayakkabı,185.0,0.0,0,freeShipping,0,0,KOCAMANLAR-AYAKKABI,97,2
JUMP 18089 HENTBOL-VOLEYBOL FUTSAL AYAKKABISI,116.0,129.0,10,freeShipping,0,0,TEKTAŞAYAKKABIVESPOR,100,2
Slazenger MAROON Sneaker Kadın Ayakkabı Gri / K.Gri,104.0,214.0,51,freeShipping,0,0,Slazenger,95,2
Walked Mavi Büyük Numara HalıSaha Futbol Erkek Spor Ayakkabı,116.0,199.0,42,freeShipping,0,0,Ozpa,100,2
Walked 401 S-S Krampon Çim Erkek Futbol Ayakkabı,109.0,149.0,27,freeShipping,0,0,Ayakcenter,100,2
Slazenger EDWIN Sneaker Erkek Ayakkabı K.Gri,124.0,184.0,33,freeShipping,0,0,Slazenger,95,2
Scoperta Yüksek Taban Günlük Kadın Spor,119.0,299.0,60,freeShipping,0,0,DEMİRELAYAKKABI,100,2
Black Sea 577 Erkek Kışlık Spor Ayakkabı Su Geçirmez Siyah,169.0,229.0,26,freeShipping,0,0,BudaksKundura,90,2
Lion 1453 Siyah Sax  Çoraplı Halısaha Futbol Ayakkabısı,124.0,199.0,38,noShipping,0,0,modastar,100,2
Scooter Siyah-Beyaz Erkek Spor Ayakkabı M1060TSZ,119.0,171.0,30,freeShipping,0,0,Scooter,100,2
JUMP 26621 HALI-SAHA FUTBOL AYAKKABISI,116.0,119.0,3,freeShipping,0,0,TEKTAŞAYAKKABIVESPOR,100,2
Jump 13256 Erkek Halı Saha Kramponu,114.0,0.0,0,freeShipping,0,0,JUMP,99,2
Ayakkabix Role Erkek Spor Ayakkabı Erkek&Bayan&Çocuk,119.0,249.0,52,freeShipping,0,0,ayakkabix,98,2
Jump 26621 Erkek Halısaha Spor Ayakkabı-Gümüş Turuncu Siyah,103.0,129.0,20,freeShipping,0,0,SADIKSPOR,93,2
MP 211-1800 Erkek Krampon Ayakkabı,129.0,149.0,13,freeShipping,0,0,ZERHAN,100,2
Slazenger A-WAY Sneaker Erkek Ayakkabı Lacivert,139.0,219.0,36,freeShipping,0,0,Slazenger,95,2
Seftil King FG Krampon S0007,168.0,169.0,0,noShipping,0,0,TimePlusSport,100,2
Walked 401 Halısaha Krampon Çim Erkek Çocuk Futbol Ayakkabı,109.0,149.0,27,freeShipping,0,0,Ayakcenter,100,2
Lescon ORION-007 H-18N Futbol Halı Saha Ayakkabı,185.0,200.0,8,freeShipping,0,0,SATEXSTORE,100,2
Pierre Cardin 30507 Ortopedi Günlük Erkek Spor Ayakkabı,179.0,300.0,40,freeShipping,0,0,ayakkabiburada,100,2
Slazenger ADVENTURE Koşu & Yürüyüş Erkek Ayakkabı Gri / Beyaz,119.0,239.0,50,freeShipping,0,0,Slazenger,95,2
Jump 134H Siyah Halısaha Erkek Futbol Ayakkabı,166.0,199.0,17,freeShipping,0,0,Ayakland,100,2
Jump Erkek Günlük Ayakkabı Siyah 25676 Black Haki,169.0,199.0,15,freeShipping,0,0,KORAYSPOR,94,2
Jump 22211 Günlük Bayan Spor Ayakkabı,191.0,299.0,36,freeShipping,0,0,Ayakland,100,2
Hummel 211617-7459 Marathona Heritage Unisex Günlük Spor Ayakkabı,189.0,324.0,42,freeShipping,0,0,SportOnex,95,2
MP 211-1738 MR Siyah Günlük Erkek Spor Ayakkabı,165.0,199.0,17,freeShipping,0,0,Ayakcenter,100,2
LOTTO T1336 MARTEN SIYAH KIRMIZI GRI SPOR AYAKKABI,189.0,299.0,37,freeShipping,0,0,MUSTAFAŞEREN,98,2
Forza 1612 Anatomik Günlük (40-47) Erkek Spor Ayakkabı,139.0,189.0,26,freeShipping,0,0,AKKUŞOĞLUAYAKKABI,98,2
LUMBERJACK AGATHA 1FX SİYAH SİYAH ERKEK COMFORT AYAKKABI,179.0,199.0,10,freeShipping,0,0,DKSSTORE,91,2
Kadın Günlük Spor Ayakkabı 5 Renk,139.0,299.0,53,freeShipping,0,0,Ayakkabıhobim,100,2
Kinetix 100430969 Tona M 9PR Airmax Erkek Spor Ayakkabı,169.0,199.0,15,freeShipping,0,0,CemPekşenAyakkabı,92,2
Walked 401 Krampon Halısaha Çim Erkek Futbol Spor Ayakkabı,109.0,149.0,27,freeShipping,0,0,Ayakcenter,100,2
U.S. POLO ASSN. TIGGY 1FX GÜNLÜK SPOR AYAKKABISI,166.0,169.0,2,freeShipping,0,0,TEKTAŞAYAKKABIVESPOR,100,2
Lotto R3726 Winger TF Halı Saha Ayakkabısı,149.0,0.0,0,noShipping,0,0,VARDARSPOR,85,2
Slazenger ARASTA Sneaker Erkek Ayakkabı K.Gri,149.0,199.0,25,freeShipping,0,0,Slazenger,95,2
ERKEK WALKED MAVİ FUTBOL KRAMPON AYAKKABI,109.0,159.0,31,noShipping,0,0,modastar,100,2
Lig Meteor-10 Erkek Krampon Spor Ayakkabı,189.0,271.0,30,freeShipping,0,0,ÖZKALYONSPOR,97,2
Lig Futsal Salon Parkur Ayakkabısı Siyah Monaco,186.0,239.0,22,freeShipping,0,0,Çarıkçım_Ayakkabı,100,2
Ayakkabix Rella Günlük Erkek & Bayan & Çocuk Spor Ayakkabı,119.0,299.0,60,freeShipping,0,0,ayakkabix,98,2
Kinetix Delta Mesh Siyah Beyaz Erkek Spor Ayakkabısı,140.0,189.0,26,freeShipping,0,0,ayakkabımood,100,2
Converse Bayan bot,198.0,220.0,10,freeShipping,0,0,Adasushoes,88,2
Jump 25673 Erkek Spor Ayakkabı LACİ-TURUNCU,179.0,280.0,36,freeShipping,0,0,Modalist,97,2
Hercule Erkek Sneaker Günlük Spor Ayakkabı Hafif Giyim,114.0,204.0,44,freeShipping,0,0,HerculeShoes,100,2
Reebok STRIDE RUNNER Siyah Erkek Koşu Ayakkabısı,182.0,399.0,55,freeShipping,0,0,INSTREET,95,2
Wanderfull 4190 Erkek Günlük Spor Yürüyüş Ayakkabısı Bağsız,109.0,179.0,39,freeShipping,0,0,MYPARLAK,91,2
Jump 26483 Erkek Spor Ayakkabı-İndigo,175.0,219.0,20,freeShipping,0,0,SADIKSPOR,93,2
Walked 401 K-S Halısaha Krampon Çim Erkek Çocuk Futbol Ayakkabı,109.0,149.0,27,freeShipping,0,0,Ayakcenter,100,2
Forza 3820 Anatomik (40-45) Erkek Spor Ayakkabı,129.0,169.0,24,freeShipping,0,0,AKKUŞOĞLUAYAKKABI,98,2
Jump 25520 Erkek Spor Ayakkabı SİYAH,169.0,239.0,29,freeShipping,0,0,Modalist,97,2
"Memory foam, Ortopedik, Çok rahat, Spor babet",119.0,151.0,21,freeShipping,0,0,Maximoda,99,2
Lumberjack Liponis Erkek (40-48) Spor Ayakkabı,199.0,239.0,17,freeShipping,0,0,AKKUŞOĞLUAYAKKABI,98,2
Jump Yeni Sezon Halısaha Ayakkabısı 13258,119.0,139.0,14,freeShipping,0,0,PabucKundura,87,2
KİNETİX SERGI TURF BJK BEŞİKTAŞ LİSANSLI FUTBOL HALI SAHA SPOR AY,139.0,159.0,13,freeShipping,0,0,fbkayakkabi,98,2
Kinetix 100426183 Adun II Siyah Cırtlı Erkek Spor Ayakkabı,166.0,184.0,10,freeShipping,0,0,Babalı_Ayakkabı,99,2
Slazenger ASTRA I Koşu & Yürüyüş Erkek Ayakkabı Siyah,119.0,189.0,37,freeShipping,0,0,Slazenger,95,2
Ayakkabix Dragon Publica Erkek Spor Ayakkabı,149.0,199.0,25,freeShipping,0,0,ayakkabix,98,2
Ayakkabix Sinera Erkek Spor Ayakkabı Rahat Esnek,139.0,299.0,53,freeShipping,0,0,ayakkabix,98,2
Rova Blue  Buz Bağcıklı Günlük Yürüyüş Erkek Spor Ayakkabı,139.0,199.0,30,freeShipping,0,0,Rovablue,100,2
Lig Futsal Salon-Parkur Spor Ayakkabı Siyah Amanos,194.0,249.0,22,freeShipping,0,0,Çarıkçım_Ayakkabı,100,2
Kinetix 100785463 Krona 1Fx Kadın Günlük Spor Ayakkabı,139.0,0.0,0,freeShipping,0,0,ALTINDAĞ,98,2
Slazenger HANS Krampon Futbol Erkek Çocuk Ayakkabı SA21FK009 518,124.0,0.0,0,freeShipping,0,0,PlatiniSpor,94,2
Kinetix HUBER J 1PR Siyah Erkek Çocuk Spor Ayakkabı,106.0,139.0,24,freeShipping,0,0,FLO,94,2
Slazenger TUESDAY Sneaker Erkek Ayakkabı K.Gri,114.0,194.0,42,freeShipping,0,0,Slazenger,95,2
ORTOPEDİK  BAYAN SPOR AYAKKABI,139.0,159.0,13,freeShipping,0,0,modabim,99,2
Slazenger MAROON Sneaker Kadın Ayakkabı Siyah / Beyaz,104.0,214.0,51,freeShipping,0,0,Slazenger,95,2
Slazenger MAROON Sneaker Kadın Ayakkabı Siyah / K.Gri,104.0,214.0,51,freeShipping,0,0,Slazenger,95,2
Lumberjack BLANKA 1PR Siyah Erkek Çocuk Outdoor,196.0,0.0,0,freeShipping,0,0,INSTREET,95,2
Jump 25548 Siyah Anatomik (40-45) Erkek Spor Ayakkabı,184.0,249.0,26,freeShipping,0,0,AKKUŞOĞLUAYAKKABI,98,2
Walked 401 K-S Halısaha Krampon Çim Erkek Futbol Ayakkabı,109.0,149.0,27,freeShipping,0,0,Ayakcenter,100,2
JUMP 11743 ERKEK GÜNLÜK SPOR AYAKKABI,193.0,209.0,8,freeShipping,0,0,TEKTAŞAYAKKABIVESPOR,100,2
ERKEK WALKED SARI FUTBOL KRAMPON AYAKKABI,109.0,159.0,31,noShipping,0,0,modastar,100,2
WALKED BİLEKLİ KRAMPON,119.0,159.0,25,freeShipping,0,0,HaneSpor,99,2
Walked 401 K-S Halısaha Krampon Çim Erkek Çocuk Futbol Ayakkabı,109.0,149.0,27,freeShipping,0,0,Ayakcenter,100,2
Jump  Erkek Günlük Ayakkabı 26483-M-F LT GREY-DK GREY Gri,191.0,239.0,20,freeShipping,0,0,KORAYSPOR,94,2
Slazenger HARISHA Krampon Futbol Erkek Ayakkabı SA21FE014 500,129.0,0.0,0,freeShipping,0,0,PlatiniSpor,94,2
Jump Erkek Günlük Ayakkabı 24904 E Full Black,169.0,199.0,15,freeShipping,0,0,KORAYSPOR,94,2
U.S. Polo Assn Erkek U.S Polo Franco Erkek Spor Ayakkabı Beyaz,199.0,0.0,0,freeShipping,0,0,AVRUPAYAKASIONLİNE,93,2
Lion Yeni Sezon  Siyah Sax Çoraplı Erkek  Krampon,125.0,0.0,0,freeShipping,0,0,mugesporgiyim,99,2
Walked Siyah Halısaha Erkek Çocuk Futbol Ayakkabı,116.0,199.0,42,freeShipping,0,0,Ozpa,100,2
Nike Jr 5 T-1 Ct Çocuk Halı Saha Ayakkabısı,200.0,0.0,0,noShipping,0,0,alminaayakkabi,98,2
Kinetix STARK 1FX Beyaz Erkek Koşu Ayakkabısı,106.0,149.0,29,freeShipping,0,0,INSTREET,95,2
Lig Monaco Kauçuk Tabanlı Voleybol-Hentbol-Futsal Ayakkabısı Bey,184.0,0.0,0,freeShipping,0,0,Uzayspor,100,2
Woggo Lgr 3023 Günlük Triko Bağcıklı Erkek Spor Ayakkabı,167.0,259.0,35,freeShipping,0,0,Ayakland,100,2
Triathlon T154 Led Işıklı 2 Tekerlekli Şeytan Kaykay,157.0,300.0,47,freeShipping,0,0,KampanyaBaşladı,95,2
Jump 25851M Erkek Halısaha Ayakkabı,139.0,189.0,26,freeShipping,0,0,CemPekşenAyakkabı,92,2
YÜKSEK TABAN YANDAN FERMUARLI KADIN SPOR AYAKKABI,149.0,0.0,0,freeShipping,0,0,AkgünAyakkabı,91,2
Awidox Siyah Erkek Kışlık Spor Ayakkabı Su Ve Soğuk Dayanıklı 108,165.0,199.0,17,freeShipping,0,0,BudaksKundura,90,2
Kinetix Rufino Sarı,129.0,209.0,38,freeShipping,0,0,ilkerspor,99,2
Kinetix KRONA 1FX Siyah Erkek Koşu Ayakkabısı,108.0,169.0,36,freeShipping,0,0,INSTREET,95,2
Kinetix ADUN PU II 1PR Siyah Erkek Koşu Ayakkabısı,166.0,0.0,0,freeShipping,0,0,INSTREET,95,2
LİG MONACO INDOOR/SALON AYAKKABISI,169.0,0.0,0,freeShipping,0,0,ekremspor,99,2
"Gri platin Yüksek Topuk ,Ortopedik, Terleme Yapmayan Kadın Spor A",179.0,210.0,14,freeShipping,0,0,G.maĞaza,98,2
WALKED 419 SL FUTSAL ERKEK ÇOCUK FUTBOL SALON AYAKKABISI BEYAZ-Sİ,119.0,134.0,11,freeShipping,0,0,fbkayakkabi,98,2
LESCON THOR-016 H-19B FUTBOL AYAKKABI,199.0,239.0,17,freeShipping,0,0,SedirAyakkabıÇanta,54,2
M.P Erkek Running Spor Ayakkabı 212-2020MR-100,151.0,215.0,30,freeShipping,0,0,Sarıyıldızspor,68,2
45/46/47 büyük numara spor ayakkabı,115.0,135.0,15,freeShipping,0,0,"ays,ayakkabı",94,2
Kinetix Coper Neon Turuncu Krampon Spor Ayakkabı,119.0,199.0,40,freeShipping,0,0,MarcaSpor,91,2
JUMP 27047 KRAMPON FUTBOL AYAKKABISI,116.0,119.0,3,freeShipping,0,0,TEKTAŞAYAKKABIVESPOR,100,2
Slazenger ZAFIRA Koşu & Yürüyüş Erkek Ayakkabı Siyah / Siyah,169.0,314.0,46,freeShipping,0,0,Slazenger,95,2
KİNETİX ADMES YENİ SEZON ERKEK SPOR AYAKKABI,135.0,169.0,20,freeShipping,0,0,rüyaayakkabı,100,2
Kinetix COOPER 1PR Siyah Erkek Kalın Tabanlı Sneaker,106.0,119.0,11,freeShipping,0,0,INSTREET,95,2
Kinetix Wılly Erkek Spor Günlük Ayakkabısı SİYAH - TURUNCU,129.0,149.0,13,freeShipping,0,0,OCHOHERMANO's,85,2
Kinetix PAGOL MESH W 1FX Gri Kadın Sneaker Ayakkabı,138.0,239.0,42,freeShipping,0,0,INSTREET,95,2
Kinetix GERSON W 1PR Siyah Kadın Sneaker,125.0,149.0,16,freeShipping,0,0,INSTREET,95,2
Slazenger A-WAY Sneaker Erkek Ayakkabı Siyah / Beyaz,139.0,219.0,36,freeShipping,0,0,Slazenger,95,2
Letao SpeedRace Erkek Outdoor Spor Ayakkabı,119.0,170.0,29,freeShipping,0,0,tarzayak,83,2
Jump 26522 (36-44) Halı Saha Erkek Futbol Ayakkabı,139.0,199.0,30,freeShipping,0,0,AKKUŞOĞLUAYAKKABI,98,2
Lig Meteor Siyah Erkek Halısaha Ayakkabı,169.0,239.0,30,freeShipping,0,0,ayakkabımood,100,2
Walked Gr 311 HalıSaha Çim Erkek Çocuk Futbol Spor Ayakkabı,109.0,149.0,27,freeShipping,0,0,Ayakcenter,100,2
Walked 401 Sarı Krampon Çim Erkek Çocuk Futbol Ayakkabısı,109.0,149.0,27,freeShipping,0,0,Ayakcenter,100,2
JUMP 25792 BEYAZ GÜNLÜK ERKEK ÇOCUK SPOR AYAKKABI,149.0,164.0,9,freeShipping,0,0,bizimayakkabici,100,2
Slazenger MAROON Sneaker Kadın Ayakkabı Gri / Lacivert,104.0,214.0,51,freeShipping,0,0,Slazenger,95,2
Kinetix PITTSBURG 1PR Siyah Erkek Outdoor Ayakkabı,196.0,0.0,0,freeShipping,0,0,INSTREET,95,2
M.p 191-7657 Siyah Anatomik (40-44) Günlük Erkek Spor Ayakkabı,139.0,199.0,30,freeShipping,0,0,AKKUŞOĞLUAYAKKABI,98,2
Jump 134K-E Kırmızı Çim Halısaha Krampon Erkek Futbol Ayakkabı,139.0,244.0,43,freeShipping,0,0,Potincim,95,2
Slazenger TUESDAY Sneaker Erkek Ayakkabı Siyah / Sarı,114.0,184.0,38,freeShipping,0,0,Slazenger,95,2
Reebok STRIDE RUNNER Siyah Erkek Koşu Ayakkabısı,182.0,399.0,55,freeShipping,0,0,FLO,94,2
Lig Simav 35 Krp Çocuk Krampon,169.0,0.0,0,freeShipping,0,0,ilkerspor,99,2
Slazenger EDWIN Sneaker Erkek Ayakkabı Beyaz / Gümüş,124.0,184.0,33,freeShipping,0,0,Slazenger,95,2
Scooter Siyah Erkek Yürüyüş Ayakkabı M5462TS,119.0,171.0,30,freeShipping,0,0,Scooter,100,2
Lotto Erkek Günlük Spor Ayakkabı,139.0,188.0,26,freeShipping,0,0,mRYSPOR,93,2
Kinetix Tımo Pu 1PR Günlük (40-45) Erkek Spor Ayakkabı,199.0,249.0,20,freeShipping,0,0,AKKUŞOĞLUAYAKKABI,98,2
Kinetix Racter Pu 1Pr Erkek Spor Ayakkabı-Siyah Camel,186.0,219.0,15,freeShipping,0,0,SADIKSPOR,93,2
Slazenger ZAFIRA Sneaker Erkek Ayakkabı Siyah / Beyaz,169.0,299.0,44,freeShipping,0,0,Slazenger,95,2
LETOON TE7 ERKEK SPOR AYAKKABI,149.0,424.0,65,freeShipping,0,0,Letoon,88,2
Hammer Jack 561 1090 Anatomik (36-45) Günlük Spor Ayakkabı,119.0,149.0,20,freeShipping,0,0,AKKUŞOĞLUAYAKKABI,98,2
Jump 24853 Kadın Spor Ayakkabı,184.0,0.0,0,freeShipping,0,0,JUMP,99,2
Slazenger MAMUT HS Futbol Çocuk Halı Saha Ayakkabı Turkuaz,111.0,139.0,20,freeShipping,0,0,Slazenger,95,2
Kinetix Merus Pu 1PR Günlük (40-45) Erkek Spor Ayakkabı,189.0,249.0,24,freeShipping,0,0,AKKUŞOĞLUAYAKKABI,98,2
Hammer Jack Kalibrac Günlük Erkek Spor Ayakkabı,179.0,299.0,40,freeShipping,0,0,ayakkabix,98,2
Lumberjack ELITE 1FX Lacivert Erkek Sneaker Ayakkabı,136.0,189.0,28,freeShipping,0,0,FLO,94,2
Modafrato Twn-355 Erkek Spor Ayakkabı Sneaker,109.0,199.0,45,freeShipping,0,0,ModaFrato,100,2
ERKEK BÜYÜK NUMARA HS1193MG HALI SAHA AYAKKABISI 45-47,114.0,0.0,0,freeShipping,0,0,mugesporgiyim,99,2
Hummel HML ARMIN Pembe Kadın Sneaker Ayakkabı,198.0,319.0,38,freeShipping,0,0,INSTREET,95,2
Scooter Genlight Erkek Günlük Spor Ayakkabı,119.0,159.0,25,freeShipping,0,0,dalkilicspor,95,2
Asena Günlük Kadın Spor Ayakkabı 496-1-21Y,149.0,0.0,0,freeShipping,0,0,ErdalAyakkabı,87,2
Nike 359620 Jr Premier II Ic İndoor Ayakkabı,169.0,239.0,29,freeShipping,0,0,SATEXSTORE,100,2
Walked Yeşil Futsal Hentbol Voleybol Salon Ayakkabı Y709,129.0,199.0,35,freeShipping,0,0,Rovablue,100,2
Slazenger KEYLESS Yürüyüş Erkek Ayakkabı Siyah / Beyaz,119.0,184.0,35,freeShipping,0,0,Slazenger,95,2
Slazenger ARASTA Sneaker Kadın Ayakkabı Siyah,149.0,199.0,25,freeShipping,0,0,Slazenger,95,2
JUMP 13258 B-BEYAZ HALI SAHA AYAKKABISI,139.0,0.0,0,freeShipping,0,0,DKSSTORE,91,2
U.S. Polo Assn. Penelope Günlük Yürüyüş Erkek Spor Ayakkabı Siyah,139.0,244.0,43,freeShipping,0,0,Potincim,95,2
M.P %100 DERİ KIŞLIK SU GEÇİRMEZ ERKEK SPOR BOT ÜCRETSİZ KARGO,199.0,269.0,26,freeShipping,0,0,NİHATAYAKKABIVESPOR,73,2
Mekap Kırmızı Kutu %100 Hakiki Deri Unisex İş ve Spor Ayakkabı,154.0,0.0,0,freeShipping,0,0,KOCAMANLAR-AYAKKABI,97,2
Su Geçirmez Bay-Bayan Günlük  Spor Ayakkabı Beyaz Air Taban Spor,169.0,359.0,53,freeShipping,0,0,yemenioutlet,97,2
Slazenger Unisex Spor Ayakkabı SA11LK079,148.0,299.0,50,freeShipping,0,0,markastok,88,2
Jump 26962 All Black Işıklı Çocuk Günlük Ayakkabı 26962-ALL-BLACK,195.0,244.0,20,freeShipping,0,0,KORAYSPOR,94,2
Lig Simav 10 Halı Saha Ayakkabısı,200.0,0.0,0,freeShipping,0,0,ilkerspor,99,2
Walked Siyah Halısaha Çim Erkek Futbol Spor Ayakkabı,116.0,199.0,42,freeShipping,0,0,Ozpa,100,2
Slazenger ATLANTIS Günlük Giyim Kadın Ayakkabı Siyah,109.0,239.0,54,freeShipping,0,0,Slazenger,95,2
Jump Erkek Halı Saha Ayakkabısı Beyaz 25851 B White Black Red,104.0,0.0,0,freeShipping,0,0,KORAYSPOR,94,2
Lig Kembos 05 Halı Saha Ayakkabısı,165.0,0.0,0,freeShipping,0,0,ilkerspor,99,2
LİG 19-01-10 BASKETBOL AYAKKABISI,170.0,189.0,10,freeShipping,0,0,TEKTAŞAYAKKABIVESPOR,100,2
Kinetix STARK 1FX Siyah Erkek Çocuk Koşu Ayakkabısı,104.0,149.0,30,freeShipping,0,0,INSTREET,95,2
Pabucchi Walking Günlük Sneaker Bot Erkek Siyah Sarı 108,159.0,199.0,20,freeShipping,0,0,pabucchi,99,2
U.S. Polo Assn. Erkek Sneaker TRONA Beyaz 100505026V1,129.0,0.0,0,freeShipping,0,0,White-Starss,97,2
Walked 401 Siyah Sarı Erkek Çocuk Krampon Spor Ayakkabı,115.0,0.0,0,freeShipping,0,0,mugesporgiyim,99,2
Kinetix CARTER PU W 1PR Siyah Kadın Sneaker Ayakkabı,111.0,139.0,20,freeShipping,0,0,INSTREET,95,2
Slazenger Unisex Spor Ayakkabı SA11LK079,124.0,299.0,58,freeShipping,0,0,markastok,88,2
U.S. Polo Assn. SAM 1FX Füme Erkek Sneaker Ayakkabı,186.0,319.0,42,freeShipping,0,0,FLO,94,2
Ayakkabix 720 CarMax Spor Ayakkabı,179.0,249.0,28,freeShipping,0,0,ayakkabix,98,2
Kinetix KEVIN 1FX Lacivert Erkek Fashion Sneaker,118.0,159.0,26,freeShipping,0,0,INSTREET,95,2
Slazenger AGREE I Günlük Giyim Kadın Ayakkabı Siyah,109.0,184.0,41,freeShipping,0,0,Slazenger,95,2
Lig Latmos Beyaz Erkek Krampon Ayakkabı,169.0,219.0,23,freeShipping,0,0,ayakkabımood,100,2
Kinetix 100254195 Aneta Günlük Kadın Spor Ayakkabı,139.0,0.0,0,freeShipping,0,0,Despinawandi,95,2
Kinetix Agron J Turf Gs,139.0,0.0,0,freeShipping,0,0,ilkerspor,99,2
Lig Çocuk Cırtlı Halısaha Ayakkabı,129.0,0.0,0,freeShipping,0,0,sportifmalzeme,100,2
Slazenger MAROON Sneaker Erkek Ayakkabı K.Gri / Beyaz,129.0,214.0,40,freeShipping,0,0,Slazenger,95,2
Jump 25520 Ortopedi Taban Günlük Erkek Spor Ayakkabı,184.0,250.0,26,freeShipping,0,0,ayakkabiburada,100,2
Slazenger SHELL I Koşu & Yürüyüş Erkek Ayakkabı Lacivert,119.0,279.0,57,freeShipping,0,0,Slazenger,95,2
Vicco Ufo 313.B20K.100 Erkek Çocuk Işıklı Spor Ayakkabı Sax Mavi,199.0,249.0,20,freeShipping,0,0,galaxyspor,100,2
Slazenger Erkek Ayakkabı MARTIN E,180.0,299.0,40,freeShipping,0,0,markastok,88,2
